id,age,npset,testirt2,oc_comp,oc_reg,irregular
1,28,1,-0.79324126,0,0,reg
2,26,0,-0.47304851,1,1,reg
3,33,1,0.88678247,0,0,reg
4,12,0,-0.56063688,0,0,reg
5,30,0,-0.95504993,0,0,reg
6,NA,8,0.88678247,0,3,reg
7,23,0,-0.84713197,0,6,reg
8,18,0,-0.2671169,7,7,reg
9,19,0,-0.70207882,0,1,reg
10,21,1,-0.51872027,0,0,reg
11,26,0,-0.70781219,NA,NA,reg
12,31,1,0.30522463,12,12,reg
13,37,0,-0.7239241,2,3,reg
14,27,0,0.88678247,0,6,reg
15,37,8,0.31142372,0,0,reg
16,NA,0,0.39288607,0,0,reg
17,28,2,0.88678247,0,1,reg
18,14,4,-0.26260373,12,12,reg
19,25,1,0.30522463,0,0,reg
20,27,0,-0.7996431,0,0,reg
21,22,0,-0.60054862,0,0,reg
22,58,0,-1.0876698,0,0,reg
23,17,0,-0.96525711,0,0,reg
24,23,0,-2.5534945,NA,NA,reg
25,37,0,-1.1448529,0,0,reg
26,49,0,-1.3060002,0,0,reg
27,NA,0,-0.010241032,2,5,reg
28,17,0,0.38179988,0,2,reg
29,58,2,0.88678247,6,12,reg
30,NA,4,0.25758731,0,0,reg
31,31,0,0.30522463,0,2,reg
32,27,0,0.88678247,0,0,reg
33,20,0,0.31142372,1,1,reg
34,NA,0,0.31142372,2,3,reg
35,26,7,0.88678247,0,0,reg
36,26,0,-0.17322749,0,3,reg
37,34,0,-0.20359513,NA,NA,reg
38,19,2,0.88678247,0,3,reg
39,52,1,0.88678247,0,0,reg
40,23,2,-1.960117,0,2,reg
41,27,6,0.88678247,0,1,irreg
42,37,1,-1.551038,NA,NA,reg
43,25,1,0.88678247,0,0,reg
44,21,1,0.88678247,1,2,reg
45,24,4,-1.0192633,0,0,reg
46,20,5,-0.39115804,0,1,reg
47,26,2,0.26567224,0,NA,reg
48,NA,0,-0.54511833,1,2,reg
49,30,2,0.38179988,0,0,reg
50,20,0,-0.080933593,0,1,reg
51,NA,8,0.88678247,12,12,reg
52,20,1,0.88678247,0,0,reg
53,20,0,-0.99394941,0,0,reg
54,19,7,0.30522463,0,0,reg
55,20,0,0.88678247,0,3,reg
56,26,4,0.30522463,1,1,reg
57,54,4,0.88678247,0,0,reg
58,29,0,-1.1207806,0,0,reg
59,NA,0,-1.6605989,12,12,reg
60,32,1,-0.66169423,0,1,reg
61,27,0,-0.27303874,0,3,reg
62,50,5,0.88678247,0,0,reg
63,41,1,-0.94765502,1,5,reg
64,46,2,0.88678247,1,1,irreg
65,20,0,0.88678247,0,0,reg
66,23,1,0.88678247,0,0,reg
67,22,0,-1.3923663,0,0,reg
68,23,0,-0.18848157,0,0,reg
69,39,0,-0.44437119,3,3,reg
70,NA,1,-0.94538468,0,0,reg
71,51,0,0.31142372,NA,0,reg
72,21,0,-0.072321698,1,0,reg
73,34,0,-2.8655179,5,0,reg
74,23,8,-0.41811249,0,0,reg
75,33,0,-0.1357865,NA,NA,reg
76,36,2,0.88678247,0,0,reg
77,30,1,0.88678247,0,1,reg
78,25,0,0.88678247,0,0,reg
79,NA,1,0.39288607,1,2,reg
80,29,7,-0.080933593,0,0,reg
81,29,2,-0.9036628,0,3,reg
82,47,0,-0.7996431,0,0,reg
83,27,1,0.88678247,0,0,reg
84,25,0,-1.3194715,0,0,reg
85,41,8,0.88678247,NA,NA,reg
86,21,1,0.30522463,0,0,reg
87,23,0,-1.3348284,NA,NA,reg
88,25,0,-0.64366615,1,0,reg
89,31,0,0.88678247,1,2,reg
90,27,1,-0.8717953,0,0,reg
91,24,4,-0.072321698,0,1,reg
92,25,0,0.30522463,3,3,reg
93,19,2,0.38179988,0,0,reg
94,37,0,0.003486572,0,0,reg
95,55,0,-0.87610584,1,10,irreg
96,19,1,0.88678247,1,3,reg
97,28,0,0.38179988,0,1,reg
98,25,8,-0.010241032,8,12,reg
99,NA,0,0.88678247,NA,NA,reg
100,18,0,-0.26854062,1,12,reg
101,18,0,-0.63063729,5,5,reg
102,21,1,-0.88140231,0,0,reg
103,21,0,-0.47993225,0,1,reg
104,23,0,-0.17797375,0,0,reg
105,36,0,0.31142372,0,5,reg
106,22,0,0.31142372,NA,NA,reg
107,13,0,-0.63549179,0,0,reg
108,19,0,-0.17797375,0,2,reg
109,27,1,0.30522463,1,2,reg
110,28,4,0.88678247,0,0,reg
111,27,1,0.30522463,NA,NA,reg
112,26,1,-0.3077184,4,4,irreg
113,23,8,-0.47993225,0,1,reg
114,22,0,0.30522463,0,0,reg
115,28,0,0.25758731,1,1,reg
116,NA,5,-0.072321698,1,1,reg
117,21,0,0.39288607,2,3,reg
118,23,0,-1.1842957,2,4,reg
119,18,0,-0.072321698,0,1,reg
120,31,1,-0.58379483,0,0,reg
121,26,0,0.38179988,NA,NA,reg
122,16,2,0.39288607,0,0,reg
123,19,2,0.88678247,NA,NA,irreg
124,25,2,0.39288607,1,1,reg
125,25,1,-0.17797375,0,1,reg
126,25,0,-1.0152128,NA,NA,reg
127,20,4,0.88678247,0,0,reg
128,NA,6,0.88678247,0,0,reg
129,NA,4,0.88678247,0,0,reg
130,26,0,0.30522463,0,2,reg
131,18,0,-0.73314607,0,0,reg
132,39,0,0.25758731,0,0,reg
133,27,0,-0.1111121,1,3,reg
134,32,0,-1.4270766,2,4,reg
135,23,0,-1.0612034,1,2,reg
136,25,0,0.88678247,0,0,reg
137,24,0,0.88678247,0,0,reg
138,44,0,-0.59787112,2,3,reg
139,23,0,-0.80410242,0,0,reg
140,20,1,0.30522463,2,2,reg
141,35,2,-0.072321698,0,0,reg
142,27,1,0.39288607,0,1,reg
143,NA,7,0.88678247,0,3,reg
144,37,4,0.88678247,5,10,reg
145,23,0,-1.1679648,0,1,reg
146,NA,2,-0.20973253,2,3,reg
147,22,2,0.88678247,1,3,irreg
148,31,5,-0.1357865,NA,NA,reg
149,41,3,0.39288607,0,0,reg
150,21,0,-0.61982572,1,8,reg
151,20,0,-0.66169423,0,4,reg
152,NA,0,0.13725428,1,2,reg
153,31,1,0.38179988,1,1,reg
154,45,2,0.88678247,0,0,reg
155,12,5,0.14470895,0,0,reg
156,35,1,0.39288607,0,2,reg
157,22,0,0.39288607,1,4,reg
158,29,2,0.88678247,2,3,reg
159,41,0,-0.20973253,0,0,irreg
160,33,2,0.88678247,0,0,reg
161,27,0,0.31142372,1,12,reg
162,22,1,0.88678247,5,9,reg
163,15,0,-1.0876698,0,0,reg
164,28,1,-1.3331585,0,0,reg
165,25,1,-0.43735144,5,12,reg
166,28,0,0.88678247,1,2,reg
167,29,0,0.31142372,8,8,reg
168,22,2,-0.55680001,0,1,irreg
169,19,1,0.31142372,0,0,reg
170,47,3,0.38179988,0,0,reg
171,20,0,0.13725428,0,0,reg
172,18,3,0.38179988,0,0,reg
173,23,0,0.88678247,0,0,reg
174,NA,0,-0.15778638,NA,NA,reg
175,21,0,-1.2562581,NA,NA,reg
176,24,0,0.88678247,0,0,reg
177,38,1,0.88678247,2,4,reg
178,22,0,-0.38694817,NA,NA,reg
179,41,0,-1.6810683,0,0,reg
180,21,0,-0.06728372,NA,NA,reg
181,31,0,-0.1357865,0,0,reg
182,18,2,0.88678247,1,1,reg
183,19,0,-0.47993225,0,0,reg
184,22,1,0.31142372,0,0,reg
185,52,0,0.38179988,0,0,reg
186,25,0,-0.8717953,NA,NA,reg
187,19,2,0.38179988,2,3,reg
188,NA,0,-1.2725224,1,2,reg
189,NA,0,-0.44437119,NA,NA,reg
190,37,0,-1.1168857,0,0,reg
191,51,2,0.31142372,1,1,reg
192,24,2,0.25758731,0,0,reg
193,22,0,-0.70425928,NA,NA,reg
194,32,0,-0.072321698,1,1,reg
195,42,1,-0.63549179,0,0,reg
196,NA,0,0.88678247,1,1,reg
197,28,1,-0.29599166,0,0,reg
198,43,0,0.31142372,0,0,reg
199,22,2,0.30522463,0,0,irreg
200,37,0,0.30522463,1,1,reg
201,44,2,0.88678247,1,4,reg
202,19,0,-0.2671169,0,0,reg
203,24,0,-0.27303874,1,1,reg
204,23,0,0.88678247,0,6,reg
205,18,1,-0.17797375,0,0,reg
206,21,0,0.88678247,0,0,reg
207,69,1,0.88678247,NA,NA,reg
208,18,1,0.88678247,10,10,reg
209,NA,5,0.88678247,0,2,reg
210,21,2,0.88678247,NA,NA,irreg
211,28,0,-0.70527947,0,1,reg
212,28,1,-0.50680459,0,0,reg
213,NA,1,0.30522463,0,0,reg
214,27,0,0.88678247,2,6,reg
215,22,8,0.28331673,NA,NA,reg
216,28,0,-1.0130481,3,3,reg
217,28,1,-0.87610584,0,0,irreg
218,24,1,-0.5788061,0,0,reg
219,35,1,-2.8655179,0,1,reg
220,39,0,-0.52395439,0,0,reg
221,40,1,-0.21159379,0,5,reg
222,21,0,-0.9351452,NA,NA,reg
223,32,0,-1.612725,0,0,reg
224,18,0,-0.8672002,0,0,reg
225,17,7,0.38179988,0,0,reg
226,33,1,0.88678247,0,1,reg
227,22,0,0.88678247,1,3,reg
228,27,0,-0.63549179,0,0,reg
229,35,0,-0.072321698,1,3,reg
230,15,0,-0.76717037,0,0,reg
231,67,0,-0.1195383,0,0,reg
232,18,1,0.88678247,0,0,reg
233,32,0,-0.075920001,0,3,reg
234,22,8,-0.17322749,0,0,reg
235,19,1,-0.39115804,0,1,reg
236,29,1,-0.30191109,2,2,reg
237,23,4,0.88678247,0,1,reg
238,19,0,0.88678247,7,7,reg
239,41,2,0.30522463,0,1,reg
240,15,0,-0.56063688,0,0,reg
241,25,0,-1.1207806,1,1,reg
242,25,0,-1.7845178,0,0,reg
243,27,2,0.39288607,0,0,reg
244,27,0,0.14470895,0,0,reg
245,30,1,-0.55404812,0,0,irreg
246,34,0,-0.82143676,NA,NA,reg
247,23,1,-0.17797375,12,12,reg
248,22,0,-0.83942729,NA,NA,reg
249,35,0,-1.7226452,NA,NA,reg
250,32,0,-0.63180405,0,0,reg
251,44,3,-1.2634413,0,0,reg
252,22,3,0.88678247,0,2,reg
253,25,0,0.39288607,NA,NA,reg
254,18,1,0.39288607,0,0,reg
255,25,0,-0.58379483,0,2,reg
256,31,0,-0.2671169,0,0,reg
257,39,4,-0.55173874,0,0,reg
258,32,1,0.88678247,NA,NA,reg
259,NA,0,0.39288607,0,3,reg
260,23,0,0.88678247,0,0,reg
261,20,0,-0.17797375,NA,NA,reg
262,37,0,0.39288607,12,12,reg
263,NA,4,-2.8655179,0,0,reg
264,NA,0,-0.06728372,NA,NA,reg
265,32,0,-0.1195383,NA,NA,reg
266,28,0,0.88678247,1,10,reg
267,39,2,0.88678247,2,3,reg
268,39,1,-1.1258512,0,NA,irreg
269,19,7,0.88678247,0,0,reg
270,25,0,-0.37584937,0,2,reg
271,28,0,-0.70527947,0,0,reg
272,48,6,0.88678247,2,2,irreg
273,29,7,0.88678247,1,3,reg
274,27,2,0.88678247,0,2,reg
275,29,0,-0.5788061,0,2,reg
276,28,0,-0.93190694,0,0,reg
277,53,0,-1.2096363,0,1,reg
278,NA,0,0.88678247,NA,NA,reg
279,17,7,-0.2671169,NA,NA,irreg
280,23,0,-2.8655179,NA,NA,reg
281,25,0,-0.63055974,0,0,reg
282,NA,4,-0.80410242,3,6,reg
283,19,1,0.88678247,0,0,reg
284,18,3,0.39288607,5,5,irreg
285,28,7,-0.17797375,4,4,reg
286,31,1,0.25758731,0,0,reg
287,20,8,0.88678247,0,0,reg
288,18,3,-0.010241032,0,0,reg
289,53,8,0.39288607,1,4,reg
290,21,0,-1.1496425,0,1,reg
291,24,2,0.31142372,0,0,reg
292,29,6,0.14066601,3,5,reg
293,26,8,-0.10451905,0,3,reg
294,19,0,0.13725428,0,0,reg
295,23,0,0.88678247,0,4,reg
296,26,0,0.30522463,0,0,reg
297,29,0,-1.6775967,0,0,reg
298,24,4,0.88678247,1,1,irreg
299,20,5,-0.76717037,0,4,irreg
300,25,0,0.38179988,0,0,reg
301,25,0,-0.59787112,2,2,reg
302,NA,8,-0.075920001,3,3,reg
303,23,0,0.88678247,0,0,reg
304,28,0,-1.3157533,0,0,reg
305,32,0,-0.010241032,0,0,reg
306,44,2,-2.8655179,1,4,reg
307,27,4,0.88678247,2,2,reg
308,18,8,0.31142372,0,0,reg
309,20,0,-2.0281785,NA,NA,irreg
310,NA,0,0.38179988,NA,NA,reg
311,26,1,0.88678247,0,0,reg
312,35,1,-0.87048346,0,0,reg
313,29,0,0.25758731,NA,NA,reg
314,31,7,0.88678247,NA,NA,reg
315,NA,1,0.88678247,0,12,reg
316,24,0,-0.075920001,0,0,reg
317,23,0,0.88678247,0,0,reg
318,35,3,0.88678247,1,2,reg
319,29,1,-0.075920001,0,0,irreg
320,NA,0,-0.26854062,0,0,reg
321,19,0,0.88678247,12,NA,reg
322,17,2,0.13725428,1,1,reg
323,33,2,-0.1195383,0,0,reg
324,19,0,0.38179988,1,1,reg
325,NA,6,0.88678247,0,0,irreg
326,48,7,0.88678247,0,0,reg
327,25,0,-1.9219929,0,2,reg
328,33,8,-0.072321698,0,0,reg
329,30,2,0.88678247,0,0,reg
330,17,0,-0.58379483,0,0,reg
331,20,0,-0.2671169,0,1,reg
332,22,2,0.30522463,0,12,reg
333,22,0,0.88678247,5,5,reg
334,21,0,0.88678247,0,0,reg
335,32,2,-0.11297655,0,0,reg
336,18,0,0.88678247,1,3,reg
337,26,0,0.003486572,0,1,reg
338,NA,0,0.25758731,0,0,reg
339,50,0,0.88678247,5,5,reg
340,19,0,-1.3157533,0,0,reg
341,32,1,-0.072321698,0,1,reg
342,25,5,0.14470895,1,1,reg
343,17,0,0.88678247,1,3,reg
344,24,1,-0.2177036,NA,NA,reg
345,27,0,-0.46766704,0,3,reg
346,31,1,0.88678247,1,2,reg
347,32,0,-0.50680459,0,0,reg
348,41,1,-0.55404812,0,2,reg
349,NA,1,0.88678247,0,2,reg
350,52,0,0.88678247,1,2,reg
351,33,4,0.88678247,8,12,reg
352,49,0,-2.329015,NA,NA,reg
353,23,0,0.31142372,1,3,reg
354,34,4,-0.072321698,3,NA,reg
355,13,0,-0.88343817,NA,NA,reg
356,47,0,0.13725428,0,0,reg
357,NA,0,-0.080933593,0,0,reg
358,27,1,0.38179988,0,0,reg
359,26,0,-2.8655179,NA,NA,reg
360,28,0,0.88678247,7,7,reg
361,23,5,0.88678247,NA,NA,reg
362,27,4,0.88678247,1,3,irreg
363,24,0,-0.47993225,4,4,reg
364,NA,1,0.13725428,0,0,reg
365,NA,1,0.88678247,0,5,reg
366,35,0,-0.55288452,0,0,reg
367,21,3,0.38179988,1,5,irreg
368,19,8,0.14470895,0,0,reg
369,18,1,-0.27303874,0,0,reg
370,32,0,0.88678247,2,4,reg
371,31,1,0.26567224,1,1,reg
372,23,0,-1.8541157,NA,NA,irreg
373,27,0,0.88678247,1,1,reg
374,24,1,-0.080933593,0,0,reg
375,21,0,-0.97348052,NA,NA,reg
376,29,0,-1.6298058,7,6,reg
377,24,0,0.88678247,NA,NA,reg
378,43,2,-0.39115804,1,2,reg
379,21,1,-1.9898157,0,1,reg
380,39,0,0.30522463,0,0,reg
381,21,0,-0.080933593,0,0,reg
382,44,0,-0.2177036,1,2,reg
383,46,0,0.88678247,0,1,irreg
384,26,0,0.39288607,0,0,reg
385,17,0,0.88678247,0,3,reg
386,24,0,0.30522463,0,0,reg
387,30,5,0.88678247,1,2,reg
388,NA,2,0.88678247,1,1,reg
389,16,7,-2.8655179,0,3,irreg
390,31,2,0.30522463,1,1,reg
391,20,0,-0.97348052,0,1,reg
392,33,2,0.88678247,1,2,reg
393,33,0,-1.1285203,0,1,reg
394,29,0,0.14470895,NA,NA,reg
395,35,5,0.13725428,0,0,reg
396,47,1,0.88678247,0,1,reg
397,21,2,-0.38008529,NA,NA,irreg
398,24,3,-0.1357865,0,0,irreg
399,NA,5,0.14470895,2,4,reg
400,26,0,-0.79624808,1,5,irreg
401,26,1,-1.4317293,1,1,reg
402,41,5,0.88678247,0,1,reg
403,27,0,-0.2177036,0,0,reg
404,28,0,0.88678247,NA,NA,reg
405,28,1,-0.11297655,NA,NA,reg
406,20,1,0.13725428,0,2,reg
407,37,0,-1.1448131,3,6,reg
408,23,2,-0.75715899,NA,NA,reg
409,24,2,-0.080933593,0,0,reg
410,31,0,0.88678247,0,0,reg
411,25,2,-0.46902493,NA,NA,reg
412,18,0,-0.86220378,0,2,reg
413,29,1,0.30522463,3,3,reg
414,29,0,-0.17162523,0,2,reg
415,14,1,-0.27303874,0,0,reg
416,30,4,0.88678247,4,12,reg
417,51,1,-0.64255184,1,1,irreg
418,29,1,-0.075920001,NA,NA,reg
419,24,0,-0.080933593,1,2,reg
420,NA,8,-0.075920001,4,7,reg
421,26,0,0.30522463,NA,NA,reg
422,NA,0,0.39288607,1,1,reg
423,14,0,0.39288607,0,0,reg
424,28,1,-0.17797375,0,0,reg
425,20,0,-0.3077184,0,0,reg
426,29,0,0.88678247,0,2,reg
427,43,2,0.28331673,5,10,reg
428,43,1,-0.39115804,1,4,reg
429,29,2,-1.3727319,1,1,reg
430,18,0,-1.9696244,0,0,reg
431,24,1,-0.2671169,0,1,reg
432,31,0,0.30522463,2,2,reg
433,24,2,0.38179988,3,5,reg
434,27,0,-0.87610584,0,0,reg
435,24,1,0.88678247,0,1,reg
436,36,0,-0.92775279,0,0,reg
437,36,8,-0.16686191,0,0,reg
438,20,0,-0.43735144,1,2,reg
439,30,5,0.88678247,0,0,reg
440,22,3,0.88678247,1,4,reg
441,NA,2,-0.32802621,3,12,reg
442,32,0,0.25758731,NA,NA,reg
443,24,0,0.30522463,0,0,reg
444,39,1,0.88678247,NA,NA,reg
445,16,0,0.25758731,1,1,reg
446,43,0,0.88678247,0,0,reg
447,24,0,-0.91221964,1,1,reg
448,31,3,0.88678247,0,0,reg
449,NA,1,0.39288607,0,1,reg
450,29,0,-1.7543807,NA,NA,reg
451,22,0,-1.1207806,NA,NA,reg
452,16,8,-2.8655179,1,1,reg
453,26,3,-0.50680459,0,1,reg
454,NA,6,0.88678247,0,1,reg
455,27,2,-1.3194715,0,1,reg
456,69,0,-0.54897928,10,10,reg
457,22,0,0.88678247,2,5,reg
458,29,0,0.30522463,0,0,reg
459,35,3,0.88678247,5,12,reg
460,36,4,0.88678247,0,0,reg
461,19,0,-0.06728372,0,0,reg
462,14,0,0.88678247,0,0,irreg
463,25,1,0.39288607,0,0,reg
464,NA,3,-0.46289659,1,1,reg
465,32,0,-0.072321698,0,0,reg
466,23,2,-0.010241032,NA,NA,reg
467,19,0,0.30522463,NA,NA,irreg
468,24,0,0.30522463,0,0,reg
469,NA,1,0.88678247,0,1,reg
470,25,0,0.88678247,0,0,reg
471,25,6,0.88678247,0,1,reg
472,20,0,0.31142372,0,0,reg
473,48,1,0.88678247,0,0,reg
474,26,0,0.30522463,1,4,reg
475,33,0,0.31142372,0,0,reg
476,29,1,0.88678247,0,1,reg
477,22,0,0.88678247,0,2,reg
478,20,7,0.38179988,0,1,reg
479,17,2,0.14470895,0,0,reg
480,26,0,0.14470895,0,0,reg
481,22,4,0.28331673,0,0,reg
482,27,0,-0.1111121,2,2,reg
483,39,2,0.30522463,0,0,reg
484,35,0,-0.072321698,0,0,reg
485,15,0,0.30522463,NA,NA,reg
486,33,4,0.30522463,1,4,irreg
487,21,6,0.88678247,0,2,reg
488,28,0,0.38179988,NA,NA,reg
489,21,1,0.88678247,1,5,reg
490,26,0,0.88678247,0,0,reg
491,17,0,-0.06728372,0,0,reg
492,56,8,0.88678247,2,2,reg
493,17,1,-0.60280979,0,0,reg
494,34,0,0.88678247,0,0,reg
495,43,4,0.30522463,0,1,reg
496,NA,0,-1.2047172,0,0,reg
497,31,2,0.88678247,0,0,reg
498,30,8,-0.39115804,3,9,reg
499,29,0,0.88678247,1,12,reg
500,63,0,-1.8452182,0,0,reg
501,18,2,0.30522463,0,0,reg
502,29,1,0.88678247,NA,NA,reg
503,28,2,0.88678247,2,3,reg
504,22,2,-1.1219013,NA,NA,irreg
505,45,1,-0.15778638,1,5,reg
506,28,4,0.38179988,0,0,irreg
507,31,0,-0.17797375,1,1,reg
508,29,0,0.88678247,8,12,reg
509,21,4,0.003486572,0,0,reg
510,25,1,0.28331673,0,1,reg
511,25,1,0.88678247,3,3,reg
512,40,5,0.28331673,0,0,reg
513,26,0,0.88678247,1,1,reg
514,21,1,0.88678247,0,0,reg
515,25,0,-1.4519047,0,0,reg
516,20,3,0.003486572,0,0,reg
517,23,1,-0.2177036,0,0,reg
518,21,0,0.38179988,0,0,reg
519,39,5,-0.29599166,0,5,reg
520,26,0,-0.95504993,0,1,reg
521,23,1,-0.15778638,0,0,reg
522,30,1,0.31142372,0,3,reg
523,32,2,-0.7996431,NA,NA,reg
524,55,5,0.88678247,0,1,reg
525,65,0,-1.0572201,0,0,reg
526,41,0,-0.080933593,0,0,reg
527,31,0,-0.27303874,0,0,reg
528,32,8,0.38179988,0,0,reg
529,20,0,-0.50160456,0,0,reg
530,32,1,0.88678247,NA,NA,reg
531,NA,0,0.31142372,1,2,reg
532,37,0,-0.1357865,1,1,reg
533,25,1,0.38179988,0,12,reg
534,22,0,-0.090144165,0,0,reg
535,29,8,0.88678247,0,0,reg
536,27,0,0.13725428,0,0,reg
537,20,2,0.30522463,0,0,reg
538,22,0,-1.8358746,0,0,reg
539,NA,0,0.88678247,NA,NA,reg
540,21,2,0.31142372,0,0,reg
541,NA,0,0.88678247,12,12,reg
542,20,3,-0.47993225,0,0,reg
543,43,2,-2.8655179,1,2,reg
544,41,1,0.88678247,0,0,reg
545,39,0,0.25758731,12,12,reg
546,NA,0,-0.61982572,NA,NA,reg
547,42,7,0.88678247,3,4,irreg
548,15,0,-0.47993225,0,0,reg
549,28,0,-1.0008904,5,5,reg
550,19,1,0.88678247,0,0,reg
551,20,2,0.39288607,1,1,reg
552,29,3,0.88678247,0,1,reg
553,31,0,0.30522463,NA,NA,reg
554,31,0,0.88678247,0,0,reg
555,NA,0,0.88678247,2,5,reg
556,25,0,-0.17322749,1,2,reg
557,61,0,0.88678247,1,2,reg
558,40,0,0.30522463,2,3,reg
559,19,0,0.88678247,0,2,reg
560,29,8,-0.072321698,NA,NA,reg
561,28,7,0.88678247,7,10,reg
562,27,0,-0.77766454,NA,NA,reg
563,40,0,-1.1675816,11,12,reg
564,18,4,0.88678247,1,1,reg
565,23,0,0.39288607,1,1,reg
566,36,0,0.25758731,12,12,reg
567,37,1,-0.1357865,0,0,reg
568,42,0,-0.11297655,0,0,reg
569,NA,0,-0.080933593,2,2,reg
570,20,0,-0.30181825,0,0,reg
571,32,0,0.39288607,2,5,reg
572,31,0,0.88678247,2,2,reg
573,38,0,-0.27303874,NA,NA,reg
574,21,1,0.38179988,1,1,reg
575,21,7,0.25758731,1,1,reg
576,26,0,0.14470895,0,0,reg
577,25,1,0.38179988,0,0,reg
578,NA,7,0.88678247,0,0,reg
579,27,0,-1.260517,4,4,reg
580,36,0,-0.83032399,0,1,reg
581,43,0,-0.080933593,0,0,reg
582,35,1,-1.0797983,12,12,reg
583,29,0,-1.6231939,0,0,reg
584,31,1,-1.9141667,0,1,reg
585,29,0,0.88678247,0,0,reg
586,23,0,-2.8655179,NA,NA,reg
587,30,1,-0.39115804,0,1,irreg
588,19,0,0.88678247,0,0,reg
589,32,0,-1.4510931,0,0,reg
590,35,0,0.39288607,6,6,reg
591,25,0,0.88678247,0,0,reg
592,18,7,0.88678247,0,2,reg
593,23,0,0.13725428,0,2,reg
594,18,3,0.26567224,0,0,reg
595,37,4,0.88678247,2,2,reg
596,18,0,-0.26854062,0,1,reg
597,28,0,0.30522463,0,1,reg
598,25,1,0.39288607,0,0,reg
599,19,0,0.38179988,1,1,reg
600,21,7,0.88678247,0,0,reg
601,24,3,0.88678247,NA,NA,reg
602,34,0,-0.82584989,0,0,reg
603,39,4,-0.2177036,1,1,reg
604,53,1,-0.55558604,0,0,reg
605,51,4,0.88678247,0,0,reg
606,36,0,-0.17162523,0,0,reg
607,NA,2,0.88678247,0,0,reg
608,51,0,-0.21159379,0,4,reg
609,27,1,0.88678247,12,12,irreg
610,28,1,0.39288607,NA,NA,reg
611,48,0,-1.1324607,0,0,reg
612,54,3,0.30522463,6,8,irreg
613,35,8,0.30522463,NA,NA,reg
614,23,0,-0.072321698,0,0,reg
615,20,0,-0.38008529,8,11,reg
616,40,0,-0.30181825,0,0,reg
617,26,0,0.30522463,0,0,reg
618,27,0,-0.16686191,0,1,reg
619,14,0,-1.3727319,NA,NA,reg
620,35,7,0.31142372,NA,NA,reg
621,33,0,-1.7346089,0,0,reg
622,18,0,0.88678247,0,0,reg
623,29,0,-0.1357865,NA,NA,reg
624,50,1,0.88678247,0,3,reg
625,31,7,0.39288607,0,0,reg
626,24,1,0.38179988,0,2,reg
627,21,0,-1.1448131,2,2,reg
628,15,0,-1.2910343,0,0,reg
629,35,2,-2.5534945,0,0,reg
630,36,2,-1.0602885,0,1,reg
631,21,0,-0.95760429,0,0,reg
632,22,0,-0.85455322,0,0,reg
633,39,1,-0.010241032,5,5,reg
634,22,0,0.30522463,0,1,reg
635,26,8,0.38179988,0,0,reg
636,39,4,-0.62694013,0,0,reg
637,15,2,-0.79725903,0,0,reg
638,22,0,0.88678247,0,1,reg
639,38,0,0.88678247,0,1,reg
640,35,1,0.88678247,0,2,reg
641,15,0,0.38179988,3,3,reg
642,24,0,-0.27303874,3,3,reg
643,19,0,0.88678247,0,0,reg
644,53,1,0.14470895,2,2,reg
645,45,5,-1.1717906,0,0,reg
646,37,0,-0.43735144,1,10,reg
647,28,0,0.88678247,4,5,reg
648,26,8,0.26567224,0,1,reg
649,25,2,0.88678247,0,6,reg
650,25,0,-0.20973253,0,3,reg
651,18,0,0.88678247,0,1,reg
652,NA,0,-0.46766704,0,1,reg
653,NA,0,-0.30181825,0,1,reg
654,18,0,0.88678247,1,2,reg
655,28,0,-1.3940706,1,1,reg
656,29,0,0.39288607,0,0,reg
657,49,0,0.30522463,0,0,reg
658,20,5,0.39288607,0,0,reg
659,22,0,0.88678247,4,4,reg
660,36,2,0.88678247,1,2,reg
661,20,0,-1.5755183,0,0,reg
662,29,0,0.88678247,0,1,reg
663,33,4,0.38179988,2,5,irreg
664,20,0,0.31142372,0,5,reg
665,31,2,0.38179988,1,7,reg
666,37,7,0.39288607,NA,NA,reg
667,37,0,-2.8655179,12,12,reg
668,20,3,0.13725428,0,1,reg
669,25,0,-0.072321698,0,1,reg
670,23,4,0.38179988,0,0,reg
671,NA,8,0.13725428,1,1,reg
672,22,0,0.26567224,NA,NA,reg
673,26,7,-0.10451905,0,0,reg
674,28,1,-2.8655179,0,0,reg
675,20,1,-0.99394941,0,0,reg
676,50,0,-0.76717037,1,1,reg
677,28,0,0.88678247,0,0,reg
678,29,2,0.31142372,2,3,reg
679,NA,1,0.88678247,0,0,reg
680,31,1,-0.43735144,0,2,reg
681,45,0,0.30522463,2,2,reg
682,22,0,-1.4377354,5,7,reg
683,26,0,0.31142372,0,1,reg
684,20,0,0.88678247,NA,NA,reg
685,37,6,-1.2772912,0,0,reg
686,29,0,-1.0612034,0,0,reg
687,31,0,0.39288607,NA,NA,reg
688,25,4,-0.21159379,1,4,reg
689,NA,0,-0.17322749,NA,NA,reg
690,26,1,-0.47993225,12,12,reg
691,26,6,-0.080933593,0,2,irreg
692,19,0,0.88678247,0,0,reg
693,29,0,-0.55404812,0,12,reg
694,39,6,0.88678247,3,4,reg
695,29,3,-0.47993225,0,1,reg
696,32,0,0.88678247,0,1,reg
697,NA,5,-0.84143329,NA,NA,reg
698,35,7,0.88678247,4,6,irreg
699,11,1,-0.89854485,0,0,reg
700,25,1,-0.20973253,0,1,reg
701,21,0,-0.080933593,0,0,reg
702,36,2,0.88678247,1,1,reg
703,16,8,0.88678247,1,2,reg
704,20,0,-2.2146485,NA,NA,reg
705,20,2,-0.10451905,0,0,reg
706,53,0,0.31142372,1,2,reg
707,23,0,0.30522463,NA,NA,reg
708,37,1,0.31142372,12,12,reg
709,23,1,-0.06728372,0,0,reg
710,45,1,0.30522463,0,0,reg
711,26,0,-0.27303874,NA,NA,reg
712,33,0,-0.2671169,0,2,reg
713,18,0,-1.5092458,0,0,reg
714,31,0,-0.55680001,0,0,reg
715,40,0,-0.072321698,0,1,reg
716,31,1,0.13725428,1,3,reg
717,NA,2,0.39288607,0,0,reg
718,20,6,-0.080933593,0,1,reg
719,36,0,-0.27303874,NA,NA,reg
720,29,8,0.38179988,0,0,reg
721,24,1,-0.010241032,0,0,reg
722,24,0,-0.20359513,NA,NA,reg
723,49,0,-0.56769335,0,0,reg
724,18,0,0.39288607,1,1,reg
725,22,0,-0.43735144,0,0,reg
726,31,0,-1.0837269,2,2,reg
727,25,0,0.88678247,0,0,reg
728,20,0,-1.5014237,0,0,reg
729,22,0,-0.88563961,0,0,reg
730,16,8,0.30522463,NA,NA,reg
731,35,1,-0.86851406,0,0,reg
732,20,0,0.38179988,1,2,reg
733,29,0,0.88678247,0,0,reg
734,27,0,0.31142372,2,2,reg
735,40,0,-2.0247836,1,1,reg
736,21,2,-0.50442392,0,0,reg
737,23,0,0.38179988,0,0,reg
738,24,0,-0.59787112,0,0,reg
739,22,2,0.88678247,NA,NA,reg
740,59,2,0.39288607,1,NA,irreg
741,42,0,-1.1219634,0,0,reg
742,31,5,0.25758731,1,1,reg
743,38,8,0.88678247,2,3,reg
744,28,0,-1.2782385,0,0,reg
745,26,1,-1.3194715,0,1,irreg
746,33,0,-0.60280979,0,1,reg
747,21,0,-0.47993225,0,0,reg
748,22,5,0.88678247,0,0,irreg
749,29,0,-0.080933593,0,0,reg
750,33,0,-0.78397882,0,0,reg
751,17,3,-0.17797375,0,0,reg
752,NA,2,0.88678247,2,3,irreg
753,36,4,-0.10451905,0,0,reg
754,24,6,-0.6012643,0,0,reg
755,25,0,0.88678247,0,0,reg
756,46,0,0.38179988,0,1,reg
757,17,0,-0.70172191,1,1,reg
758,NA,0,-0.010241032,1,1,reg
759,44,6,0.88678247,1,2,reg
760,NA,4,0.88678247,7,8,reg
761,29,0,0.88678247,0,0,reg
762,20,3,0.88678247,9,10,reg
763,36,0,0.13725428,NA,NA,reg
764,NA,0,-1.57628,0,5,reg
765,22,0,-0.65249562,NA,NA,reg
766,62,5,0.38179988,12,12,reg
767,27,5,-0.072321698,0,1,reg
768,20,1,-1.1886449,0,0,reg
769,19,0,-2.5534945,0,0,reg
770,29,0,0.88678247,0,0,reg
771,24,0,0.31142372,0,1,reg
772,19,0,-0.1195383,0,0,reg
773,29,0,-0.55558604,0,0,reg
774,28,0,-0.1357865,0,0,reg
775,32,5,0.38179988,0,0,reg
776,50,2,0.39288607,8,12,reg
777,28,1,-0.87172645,3,3,reg
778,51,1,0.88678247,0,0,reg
779,28,0,0.88678247,NA,NA,reg
780,22,0,-0.16686191,NA,NA,reg
781,51,2,0.28331673,1,1,irreg
782,20,0,0.38179988,0,1,reg
783,NA,8,0.88678247,0,0,reg
784,20,0,-0.1357865,0,0,reg
785,42,0,0.88678247,0,0,reg
786,30,1,0.30522463,6,6,reg
787,26,1,-0.28627583,0,0,reg
788,NA,8,0.88678247,0,0,reg
789,28,1,0.88678247,0,0,reg
790,22,0,-0.47993225,0,0,reg
791,46,0,0.88678247,0,0,reg
792,24,0,-2.5534945,0,0,reg
793,25,4,0.88678247,0,0,reg
794,26,0,0.88678247,2,6,reg
795,54,0,-0.93610275,0,0,reg
796,31,1,-0.1357865,4,4,reg
797,25,7,0.88678247,0,0,reg
798,48,3,0.88678247,0,0,reg
799,21,2,0.13725428,0,0,reg
800,17,2,0.88678247,0,0,reg
801,28,1,0.88678247,3,3,reg
802,29,1,0.30522463,0,1,reg
803,28,6,0.88678247,2,2,reg
804,24,8,0.88678247,0,0,reg
805,25,1,-0.57372409,1,1,reg
806,23,1,0.13725428,4,7,reg
807,35,0,0.38179988,0,2,reg
808,23,1,-0.1195383,0,0,reg
809,38,0,-0.61610752,NA,NA,reg
810,27,0,-1.1258512,2,4,reg
811,NA,8,0.28331673,NA,NA,reg
812,25,0,-0.78974092,1,10,reg
813,21,2,0.30522463,0,0,reg
814,16,0,-0.44437119,0,0,reg
815,53,0,-0.56538963,0,1,reg
816,22,4,-0.080933593,0,0,reg
817,24,2,0.88678247,3,8,reg
818,55,5,0.88678247,0,0,reg
819,25,0,-1.07496,2,12,reg
820,18,0,-0.2177036,0,1,reg
821,26,0,0.13725428,3,3,reg
822,37,1,-0.27303874,0,1,reg
823,19,0,-0.77307546,0,0,reg
824,25,0,-1.1430445,0,0,reg
825,43,0,-0.60280979,3,5,reg
826,23,4,-0.26582298,NA,NA,reg
827,27,1,0.30522463,0,0,reg
828,25,1,-0.17322749,0,0,reg
829,19,1,0.88678247,2,3,reg
830,18,0,-1.7300831,0,0,reg
831,23,8,0.28331673,NA,NA,reg
832,57,0,-1.3968008,0,0,reg
833,26,1,-0.010241032,1,2,reg
834,45,0,-0.99810064,1,1,reg
835,28,0,0.30522463,NA,NA,reg
836,26,0,0.88678247,0,1,reg
837,39,0,0.30522463,0,0,reg
838,18,0,0.88678247,0,1,reg
839,38,1,0.38179988,3,5,reg
840,32,8,0.88678247,NA,NA,reg
841,55,1,-0.39373305,0,0,irreg
842,37,0,0.88678247,0,0,reg
843,40,0,-0.47993225,0,0,reg
844,NA,5,0.38179988,NA,NA,reg
845,21,0,0.88678247,1,1,reg
846,35,1,0.88678247,1,1,reg
847,34,0,0.30522463,NA,NA,reg
848,22,8,0.88678247,0,0,reg
849,35,3,0.88678247,0,1,reg
850,26,2,0.88678247,0,0,reg
851,30,1,-0.80410242,0,0,reg
852,26,0,0.88678247,0,2,reg
853,20,0,-0.63180405,0,0,reg
854,NA,0,0.88678247,0,0,reg
855,26,0,-1.1448131,NA,NA,reg
856,46,1,-1.4317293,0,0,reg
857,19,0,-0.84276301,0,0,reg
858,58,4,0.25758731,1,1,reg
859,24,6,-0.43735144,0,0,reg
860,17,0,-0.63549179,0,1,reg
861,19,0,0.88678247,0,0,irreg
862,33,8,0.88678247,1,3,reg
863,20,0,-0.73314607,0,0,reg
864,34,1,0.13725428,0,3,reg
865,25,0,0.88678247,0,0,reg
866,24,1,0.88678247,1,1,irreg
867,18,3,0.88678247,0,0,irreg
868,23,5,-0.49882311,0,0,reg
869,41,0,-0.072321698,1,NA,reg
870,38,0,-0.11297655,4,8,reg
871,43,3,0.39288607,2,5,reg
872,22,2,-0.46289659,0,0,reg
873,18,0,0.30522463,0,0,reg
874,24,0,-0.60280979,2,3,reg
875,24,0,0.88678247,0,0,reg
876,NA,0,0.88678247,0,2,reg
877,23,4,-1.9802715,NA,NA,reg
878,22,0,0.38179988,NA,NA,reg
879,16,0,0.30522463,0,0,reg
880,26,0,0.88678247,3,3,reg
881,28,7,0.88678247,10,10,reg
882,NA,0,-0.63549179,0,0,reg
883,24,0,0.88678247,1,1,reg
884,22,5,0.88678247,0,0,reg
885,65,0,0.38179988,1,1,reg
886,26,0,0.25758731,2,2,reg
887,39,1,-1.4439993,4,4,reg
888,24,2,-0.83942729,NA,NA,reg
889,41,1,0.26567224,0,0,reg
890,20,0,-1.0121304,0,0,reg
891,NA,0,0.88678247,1,4,reg
892,29,0,0.31142372,2,2,reg
893,39,0,0.38179988,2,2,reg
894,44,0,-0.1195383,2,4,reg
895,31,0,-2.2146485,4,0,reg
896,24,0,-0.072321698,0,2,reg
897,16,7,-0.17797375,0,0,irreg
898,24,1,-0.075920001,1,2,reg
899,27,8,0.88678247,0,2,reg
900,21,0,-0.06728372,0,0,reg
901,21,0,-0.27303874,0,1,reg
902,25,0,0.88678247,0,1,reg
903,35,0,-0.57872635,0,0,reg
904,23,0,-0.59787112,0,1,reg
905,24,0,0.88678247,0,0,reg
906,25,0,-0.080933593,12,12,reg
907,21,0,0.14066601,0,0,reg
908,17,0,0.88678247,0,0,reg
909,20,0,0.88678247,0,0,reg
910,38,6,-0.1357865,0,0,irreg
911,30,8,-0.44437119,NA,NA,reg
912,31,8,-0.46902493,1,2,reg
913,16,0,0.39288607,0,0,reg
914,NA,0,0.30522463,0,0,reg
915,29,0,-2.5534945,0,12,reg
916,30,0,0.88678247,1,2,reg
917,26,0,-0.17162523,0,1,reg
918,24,0,0.25758731,NA,NA,reg
919,22,1,0.88678247,0,2,reg
920,40,1,0.88678247,1,1,reg
921,31,0,0.39288607,1,2,reg
922,34,8,0.88678247,6,9,reg
923,31,2,0.31142372,0,0,reg
924,31,0,0.88678247,0,0,reg
925,19,0,-0.7239241,0,0,reg
926,26,0,0.39288607,0,1,reg
927,45,2,0.39288607,0,0,reg
928,NA,0,0.13725428,0,0,reg
929,NA,5,0.26567224,1,1,reg
930,27,0,-0.47304851,NA,NA,reg
931,NA,0,-0.99902129,0,0,reg
932,57,4,0.26567224,0,0,reg
933,22,0,0.88678247,1,3,reg
934,33,0,0.38179988,0,0,reg
935,42,0,-0.71824819,0,0,reg
936,25,3,-0.010241032,0,0,reg
937,27,0,0.39288607,0,3,reg
938,18,0,0.88678247,1,1,reg
939,43,0,-0.17797375,0,0,reg
940,61,7,0.25758731,0,1,irreg
941,20,2,-0.39073652,1,2,reg
942,NA,0,-0.080933593,NA,NA,reg
943,35,1,0.13725428,12,12,reg
944,45,1,-0.080933593,5,5,reg
945,27,7,0.38179988,0,0,irreg
946,NA,4,0.88678247,1,1,reg
947,27,1,-1.0731454,0,1,reg
948,57,2,-0.098670289,1,1,reg
949,24,1,-0.080933593,4,4,reg
950,27,2,0.88678247,NA,NA,reg
951,30,0,0.88678247,0,2,reg
952,27,5,-0.26582298,NA,NA,reg
953,22,0,-0.47457108,0,0,reg
954,46,7,0.30522463,0,2,reg
955,31,0,0.88678247,5,12,irreg
956,28,0,-0.15298566,0,0,reg
957,31,0,-0.010241032,0,1,reg
958,35,6,0.88678247,0,1,reg
959,23,1,0.38179988,0,0,reg
960,37,1,-0.1195383,10,10,reg
961,19,0,0.88678247,0,3,reg
962,61,1,0.38179988,0,0,reg
963,32,0,0.38179988,0,5,reg
964,22,4,-0.080933593,1,1,reg
965,15,0,-1.6324489,1,1,reg
966,23,0,-0.26260373,6,10,reg
967,25,0,0.88678247,0,3,reg
968,NA,6,0.88678247,2,4,reg
969,23,0,-0.85456294,0,0,reg
970,25,1,-0.39115804,1,1,reg
971,24,0,0.88678247,0,0,reg
972,20,6,-0.080933593,0,0,reg
973,44,0,0.39288607,0,0,reg
974,26,1,0.39288607,0,0,reg
975,18,1,0.88678247,0,1,reg
976,47,0,-0.072321698,0,0,reg
977,NA,0,-0.58379483,0,0,reg
978,15,8,0.88678247,0,0,reg
979,32,1,0.88678247,0,1,reg
980,25,0,-1.0030988,NA,NA,irreg
981,34,1,-0.080933593,0,0,reg
982,30,0,-1.0855637,0,0,reg
983,18,0,-1.1344577,0,0,reg
984,24,0,0.13725428,0,2,reg
985,29,0,0.88678247,NA,NA,reg
986,27,0,0.30522463,NA,NA,reg
987,21,2,0.13725428,0,0,irreg
988,NA,3,0.30522463,0,0,reg
989,22,3,0.30522463,0,0,reg
990,55,1,-0.7239241,0,0,reg
991,NA,4,-0.21159379,0,0,reg
992,26,2,0.38179988,1,1,irreg
993,23,0,-2.0345178,0,3,reg
994,29,1,0.88678247,1,2,reg
995,63,0,-0.5788061,1,1,reg
996,64,0,0.25758731,0,0,reg
997,20,0,0.38179988,1,3,reg
998,69,1,0.88678247,12,12,reg
999,36,0,0.38179988,0,0,reg
1000,51,6,-0.54897928,0,0,reg
1001,NA,2,-0.06728372,12,12,reg
1002,38,0,-1.0030988,0,0,reg
1003,19,5,0.39288607,0,0,reg
1004,24,0,-1.1602263,0,0,reg
1005,20,0,-0.1357865,2,0,reg
1006,26,1,-0.65249562,0,1,reg
1007,NA,0,-0.39115804,10,10,reg
1008,35,2,0.26567224,1,3,reg
1009,42,8,0.88678247,0,0,reg
1010,27,1,0.30522463,0,2,reg
1011,23,1,0.88678247,0,0,reg
1012,25,2,0.88678247,2,6,reg
1013,30,5,-0.17797375,0,0,reg
1014,28,0,0.25758731,0,5,reg
1015,20,8,0.13725428,NA,NA,reg
1016,22,0,0.88678247,0,0,reg
1017,31,0,0.88678247,NA,NA,reg
1018,20,0,0.38179988,NA,NA,reg
1019,18,1,0.88678247,0,0,reg
1020,33,2,0.88678247,0,0,reg
1021,16,1,0.25758731,0,0,reg
1022,28,0,-0.43735144,2,2,reg
1023,36,0,-0.21159379,0,0,reg
1024,19,0,-0.17797375,0,1,reg
1025,27,0,-0.84143329,1,1,reg
1026,51,1,0.38179988,0,0,reg
1027,66,0,0.88678247,1,2,reg
1028,36,1,0.25758731,0,0,reg
1029,49,1,-0.52395439,0,0,reg
1030,30,0,0.88678247,2,4,reg
1031,20,2,-0.16686191,NA,NA,reg
1032,NA,0,0.88678247,NA,NA,reg
1033,27,1,0.38179988,0,0,reg
1034,35,4,0.88678247,NA,NA,reg
1035,NA,0,-0.47304851,0,0,reg
1036,38,0,-0.29599166,0,0,reg
1037,23,4,0.88678247,0,1,reg
1038,26,0,-0.39115804,2,3,reg
1039,30,1,0.13725428,2,2,reg
1040,31,0,0.30522463,NA,NA,reg
1041,NA,0,-0.072321698,0,0,reg
1042,34,0,-0.080933593,NA,NA,reg
1043,28,1,-0.080933593,1,1,reg
1044,24,0,-0.52395439,1,12,reg
1045,28,1,0.14470895,1,6,reg
1046,23,0,-0.080933593,0,0,reg
1047,24,0,-1.9581941,0,0,reg
1048,43,8,-1.1207806,1,1,reg
1049,24,0,-0.080933593,NA,NA,reg
1050,26,0,-0.75355077,0,0,reg
1051,44,0,0.88678247,0,1,reg
1052,38,0,0.38179988,NA,NA,reg
1053,39,0,0.25758731,12,12,reg
1054,46,5,-0.93610275,12,12,reg
1055,30,0,-0.92063993,0,2,reg
1056,NA,1,0.88678247,0,0,reg
1057,29,0,0.39288607,0,3,reg
1058,21,2,-0.11297655,4,6,reg
1059,NA,3,0.88678247,0,0,reg
1060,25,0,0.88678247,0,0,reg
1061,37,0,0.30522463,0,0,reg
1062,37,2,0.88678247,1,2,reg
1063,21,2,-0.44437119,0,1,reg
1064,NA,0,-0.20973253,0,1,irreg
1065,29,6,-0.090144165,NA,NA,reg
1066,16,0,-2.5534945,NA,NA,reg
1067,NA,0,0.38179988,0,0,reg
1068,22,5,0.30522463,0,0,reg
1069,12,3,-0.47592384,NA,NA,reg
1070,38,0,-1.2645136,1,3,reg
1071,40,0,-1.567485,NA,NA,reg
1072,18,0,0.88678247,0,0,reg
1073,NA,0,0.30522463,0,0,reg
1074,27,0,-0.072321698,0,1,reg
1075,20,0,0.88678247,0,0,reg
1076,48,0,-0.75715899,2,4,reg
1077,47,2,-0.40606776,4,4,irreg
1078,55,4,-0.54511833,0,3,irreg
1079,NA,1,0.39288607,0,0,reg
1080,21,2,0.88678247,0,0,reg
1081,33,1,0.88678247,NA,NA,reg
1082,33,2,-0.87610584,4,7,reg
1083,58,2,0.26567224,0,0,reg
1084,24,0,0.13725428,1,1,irreg
1085,27,0,-0.1357865,0,0,reg
1086,22,2,-0.080933593,0,0,reg
1087,29,0,-0.70527947,1,0,reg
1088,53,6,0.88678247,2,6,reg
1089,39,0,0.88678247,10,10,reg
1090,25,1,-0.79386014,0,1,reg
1091,28,0,-1.7303454,0,0,reg
1092,NA,4,0.31142372,4,9,reg
1093,21,7,-0.06728372,0,0,reg
1094,31,4,0.88678247,1,1,reg
1095,30,0,0.30522463,2,2,reg
1096,25,0,0.88678247,0,5,reg
1097,30,0,-0.48881358,1,2,reg
1098,40,0,-0.60280979,0,0,reg
1099,NA,2,0.39288607,0,0,reg
1100,23,2,-0.60280979,0,3,irreg
1101,34,0,-0.46766704,0,0,reg
1102,31,0,-1.0593791,NA,NA,reg
1103,26,4,0.88678247,0,0,reg
1104,33,0,-0.43735144,0,0,reg
1105,NA,0,0.31142372,2,2,reg
1106,26,0,0.30522463,0,5,reg
1107,20,2,-0.84143329,0,1,reg
1108,28,0,0.88678247,0,0,reg
1109,NA,0,0.30522463,NA,0,reg
1110,28,0,0.30522463,0,0,reg
1111,18,5,0.39288607,4,6,reg
1112,35,0,0.30522463,0,0,reg
1113,NA,1,-1.3194715,0,1,reg
1114,35,1,0.88678247,2,4,reg
1115,35,1,0.88678247,0,1,irreg
1116,19,1,-0.80410242,NA,NA,irreg
1117,30,1,0.39288607,0,0,reg
1118,21,0,-0.17322749,1,1,reg
1119,53,2,0.38179988,8,8,irreg
1120,40,0,-1.9696244,NA,NA,reg
1121,27,4,-0.010241032,0,0,reg
1122,24,5,0.14470895,0,3,irreg
1123,20,0,0.88678247,1,1,reg
1124,19,2,-0.075920001,2,2,reg
1125,29,5,0.88678247,2,5,reg
1126,24,7,0.88678247,0,0,reg
1127,28,0,0.14470895,0,0,reg
1128,28,0,-0.1111121,0,0,reg
1129,NA,7,0.13725428,2,4,reg
1130,33,0,0.88678247,2,3,reg
1131,26,0,-0.38694817,0,0,reg
1132,29,0,0.88678247,2,2,reg
1133,34,0,0.30522463,0,0,reg
1134,44,0,-0.63549179,6,6,reg
1135,18,0,0.28331673,0,0,reg
1136,32,0,0.28331673,0,0,reg
1137,30,1,0.31142372,0,1,reg
1138,40,1,0.30522463,NA,NA,reg
1139,65,0,0.39288607,2,3,reg
1140,41,1,-0.17162523,2,2,reg
1141,42,0,-1.4386561,0,0,reg
1142,NA,1,-2.0670507,NA,NA,reg
1143,23,5,0.88678247,0,1,reg
1144,31,0,-0.47304851,NA,NA,reg
1145,16,4,-0.17322749,2,2,reg
1146,22,1,0.88678247,0,0,reg
1147,31,0,0.14470895,4,4,reg
1148,31,0,-0.70207882,3,3,reg
1149,24,2,0.30522463,4,4,reg
1150,NA,7,0.88678247,0,3,reg
1151,27,0,0.88678247,0,0,reg
1152,31,0,0.38179988,3,4,reg
1153,15,0,-1.4290104,2,2,reg
1154,27,0,0.88678247,0,3,reg
1155,23,0,-0.1357865,0,5,reg
1156,NA,1,0.88678247,NA,NA,reg
1157,55,7,0.88678247,0,0,reg
1158,28,0,0.38179988,NA,NA,reg
1159,27,0,-0.58379483,0,0,reg
1160,46,1,-1.182232,NA,NA,irreg
1161,26,1,-1.0152128,0,3,reg
1162,25,3,0.88678247,2,5,reg
1163,19,1,0.25758731,0,0,reg
1164,19,2,0.38179988,3,10,irreg
1165,28,4,0.39288607,0,2,reg
1166,29,0,-1.0550915,1,1,reg
1167,30,0,0.25758731,0,0,reg
1168,27,1,-0.06728372,0,0,reg
1169,NA,6,0.88678247,0,0,reg
1170,27,0,-0.46766704,1,2,reg
1171,60,1,-0.55173874,2,2,reg
1172,39,2,-2.8655179,1,1,reg
1173,36,0,0.39288607,0,0,reg
1174,17,0,0.88678247,1,1,reg
1175,44,4,0.88678247,NA,NA,reg
1176,18,0,0.38179988,1,1,reg
1177,41,0,0.31142372,0,0,reg
1178,31,1,0.88678247,0,0,reg
1179,34,6,0.88678247,0,0,reg
1180,41,0,0.28331673,0,0,reg
1181,19,8,0.88678247,0,0,reg
1182,NA,2,0.88678247,1,1,reg
1183,28,0,0.38179988,0,0,reg
1184,NA,0,0.88678247,0,0,reg
1185,21,0,-0.080933593,0,0,reg
1186,59,3,0.88678247,0,1,reg
1187,46,0,0.88678247,NA,NA,irreg
1188,28,0,0.38179988,0,0,reg
1189,17,0,-1.180486,0,0,reg
1190,21,0,-1.07496,NA,NA,reg
1191,19,1,0.30522463,2,4,reg
1192,NA,0,0.88678247,0,4,reg
1193,42,1,0.88678247,0,1,reg
1194,30,0,0.13725428,4,4,reg
1195,30,8,-0.30181825,1,2,reg
1196,48,5,-0.06728372,1,1,reg
1197,36,0,-0.17322749,0,0,reg
1198,28,6,0.88678247,0,0,irreg
1199,47,0,-0.080933593,0,0,reg
1200,29,0,-0.39115804,0,2,irreg
1201,23,0,-2.0069072,0,0,reg
1202,43,0,0.30522463,2,2,reg
1203,18,1,0.39288607,0,0,reg
1204,22,0,-0.010241032,0,0,reg
1205,26,0,0.88678247,0,0,irreg
1206,22,2,-1.1896273,NA,NA,reg
1207,32,7,0.26567224,6,10,reg
1208,50,4,0.39288607,0,0,reg
1209,24,0,-0.38008529,0,0,reg
1210,26,0,0.30522463,0,3,reg
1211,NA,1,-0.080933593,0,0,reg
1212,39,0,0.30522463,4,5,reg
1213,23,3,0.31142372,0,3,reg
1214,34,0,-1.6775414,0,1,reg
1215,37,6,0.88678247,0,2,reg
1216,18,0,-0.52395439,0,2,reg
1217,25,1,0.88678247,1,3,reg
1218,26,0,0.88678247,0,0,reg
1219,NA,1,-0.1111121,4,7,reg
1220,40,0,0.88678247,0,0,reg
1221,35,1,0.38179988,3,0,reg
1222,19,0,0.31142372,1,2,reg
1223,23,4,0.88678247,0,0,reg
1224,28,0,-0.50680459,0,0,reg
1225,61,0,-0.20973253,0,0,reg
1226,49,6,0.30522463,2,2,irreg
1227,NA,0,0.88678247,0,3,reg
1228,27,4,0.39288607,0,0,reg
1229,27,0,-2.3325877,0,0,reg
1230,27,0,0.13725428,1,1,reg
1231,33,8,-0.15298566,0,0,reg
1232,48,1,-0.17797375,0,0,reg
1233,25,2,-0.080933593,0,0,reg
1234,25,0,0.38179988,NA,NA,reg
1235,42,3,0.88678247,0,1,reg
1236,20,5,0.30522463,0,1,reg
1237,22,6,0.88678247,0,0,reg
1238,22,0,-0.63063729,1,3,reg
1239,22,0,0.88678247,1,1,reg
1240,42,2,0.88678247,1,1,reg
1241,19,3,0.30522463,3,0,reg
1242,31,2,-0.2177036,0,0,reg
1243,26,0,-1.0572201,2,2,reg
1244,42,1,0.30522463,0,0,reg
1245,24,0,-0.17322749,0,1,reg
1246,27,3,0.88678247,0,0,reg
1247,33,0,-1.0876698,0,0,reg
1248,34,8,0.38179988,1,0,reg
1249,28,3,0.88678247,NA,NA,reg
1250,28,0,-0.17797375,2,2,reg
1251,16,0,0.31142372,0,0,reg
1252,23,0,0.003486572,NA,NA,reg
1253,26,0,0.38179988,NA,NA,reg
1254,17,5,0.88678247,0,0,reg
1255,33,5,0.88678247,0,2,reg
1256,33,0,0.31142372,0,0,reg
1257,21,7,0.88678247,0,1,irreg
1258,28,3,0.88678247,0,6,reg
1259,19,4,-0.26260373,0,0,reg
1260,30,0,0.88678247,1,1,reg
1261,23,3,0.26567224,0,1,reg
1262,43,0,-0.17162523,0,0,reg
1263,20,4,-0.51872027,0,1,reg
1264,21,3,0.88678247,NA,NA,irreg
1265,61,0,0.25758731,0,0,reg
1266,43,8,0.88678247,NA,NA,reg
1267,47,0,-1.4932978,4,4,reg
1268,NA,0,-0.83032399,0,0,reg
1269,32,7,0.88678247,0,0,reg
1270,32,0,0.14066601,0,0,reg
1271,19,7,-0.4588505,0,0,irreg
1272,41,0,-0.17797375,0,0,reg
1273,31,1,0.39288607,0,0,reg
1274,19,0,-0.2671169,1,3,reg
1275,25,0,-0.63549179,0,1,reg
1276,31,0,-0.075920001,NA,NA,reg
1277,23,0,0.31142372,0,0,reg
1278,24,0,-0.075920001,NA,NA,reg
1279,31,2,0.39288607,0,3,reg
1280,47,1,-0.072321698,1,1,reg
1281,67,2,-0.2671169,0,1,reg
1282,22,0,-0.50680459,0,2,reg
1283,37,0,-0.17162523,1,2,reg
1284,56,0,-0.072321698,4,5,reg
1285,25,0,0.88678247,2,6,reg
1286,25,1,0.88678247,0,3,reg
1287,35,0,-0.39115804,0,0,reg
1288,29,0,-0.38008529,1,NA,reg
1289,31,2,0.38179988,0,0,reg
1290,31,0,0.13725428,0,2,reg
1291,31,0,0.39288607,NA,NA,reg
1292,31,0,-1.7319356,0,1,reg
1293,22,4,-0.21159379,0,1,reg
1294,26,0,0.30522463,NA,NA,reg
1295,17,1,-0.080933593,1,1,irreg
1296,28,2,-0.072321698,3,7,reg
1297,41,0,0.31142372,4,4,reg
1298,26,0,0.88678247,0,0,reg
1299,28,0,0.88678247,0,0,reg
1300,42,0,-0.7996431,7,10,reg
1301,19,0,-2.8655179,NA,NA,reg
1302,41,1,-0.96301323,12,12,reg
1303,17,0,0.30522463,0,0,reg
1304,31,0,-0.39073652,0,0,reg
1305,26,0,0.31142372,0,2,reg
1306,21,0,0.39288607,2,3,reg
1307,48,4,-1.1534724,0,0,reg
1308,38,4,0.31142372,0,0,reg
1309,26,0,0.88678247,2,2,reg
1310,NA,0,-0.98994297,1,1,reg
1311,23,1,-0.072321698,2,5,irreg
1312,27,1,-1.3293558,0,0,reg
1313,54,0,0.88678247,0,0,reg
1314,20,1,0.26567224,1,1,reg
1315,28,0,-0.58530855,0,0,reg
1316,39,2,0.88678247,NA,NA,reg
1317,18,0,0.13725428,1,1,reg
1318,19,3,0.31142372,0,1,reg
1319,30,1,-1.0612034,0,1,reg
1320,66,8,0.88678247,3,4,reg
1321,20,0,0.38179988,0,0,reg
1322,42,1,-1.8907267,NA,NA,irreg
1323,26,0,0.38179988,NA,NA,reg
1324,27,2,0.88678247,12,12,reg
1325,NA,0,-2.5534945,NA,NA,reg
1326,21,0,-0.79624808,0,2,reg
1327,27,0,-2.8655179,1,1,reg
1328,NA,1,-0.91221964,0,3,reg
1329,20,8,0.30522463,0,3,reg
1330,28,0,0.25758731,NA,NA,reg
1331,21,0,0.88678247,0,2,reg
1332,38,1,0.88678247,2,2,reg
1333,24,0,0.88678247,0,0,reg
1334,24,1,0.003486572,1,2,reg
1335,41,1,0.38179988,0,0,reg
1336,38,5,0.31142372,1,1,reg
1337,28,0,-1.2151403,0,0,reg
1338,24,0,0.31142372,0,0,reg
1339,21,0,0.30522463,0,0,reg
1340,NA,0,-0.090144165,0,3,reg
1341,NA,1,0.88678247,0,1,irreg
1342,26,1,0.88678247,0,0,reg
1343,48,1,-0.072321698,NA,NA,reg
1344,31,3,0.88678247,1,1,reg
1345,39,0,0.39288607,0,0,reg
1346,23,0,0.38179988,0,0,reg
1347,41,0,-2.5534945,1,1,reg
1348,19,0,0.38179988,0,0,reg
1349,36,0,-0.2671169,6,12,reg
1350,48,0,-1.6810683,3,4,reg
1351,17,7,-0.080933593,0,0,reg
1352,33,2,-0.81703728,NA,NA,irreg
1353,42,5,0.30522463,NA,NA,reg
1354,37,7,-0.11297655,0,0,reg
1355,35,7,-0.075920001,0,0,reg
1356,18,1,0.31142372,0,0,reg
1357,34,5,-0.46766704,0,0,reg
1358,30,0,-0.84513134,NA,NA,reg
1359,24,3,0.88678247,0,1,reg
1360,18,1,-0.87610584,0,0,reg
1361,32,0,0.39288607,0,0,reg
1362,31,4,0.30522463,2,4,reg
1363,14,0,-0.39115804,0,0,reg
1364,27,1,-0.44437119,0,0,reg
1365,19,2,-0.73314607,0,0,reg
1366,58,1,0.39288607,0,1,irreg
1367,NA,2,0.88678247,7,7,reg
1368,49,0,-0.20973253,4,4,reg
1369,29,0,-0.2177036,0,0,reg
1370,18,2,0.39288607,NA,NA,reg
1371,18,2,0.26567224,0,1,reg
1372,34,4,0.38179988,0,0,reg
1373,29,1,-0.080933593,1,1,reg
1374,23,0,0.88678247,0,1,reg
1375,30,0,-1.1925139,0,0,reg
1376,26,0,0.88678247,0,5,reg
1377,18,2,-1.8087747,0,0,reg
1378,39,0,0.88678247,0,0,reg
1379,24,8,0.38179988,3,4,reg
1380,NA,0,-0.29915106,0,0,reg
1381,26,1,-0.63549179,0,0,reg
1382,31,2,0.88678247,0,0,reg
1383,20,0,-0.080933593,0,0,reg
1384,20,7,0.88678247,0,0,reg
1385,23,0,0.88678247,0,0,reg
1386,17,3,0.88678247,0,2,reg
1387,34,3,0.39288607,0,0,irreg
1388,16,0,-1.3719021,0,0,reg
1389,19,5,-0.21159379,0,2,reg
1390,NA,3,0.88678247,NA,NA,reg
1391,28,3,-1.5580217,0,0,reg
1392,20,0,-0.075920001,0,0,reg
1393,19,1,0.26567224,0,0,reg
1394,37,0,0.88678247,NA,NA,irreg
1395,21,0,0.88678247,0,0,irreg
1396,19,0,-0.65249562,0,0,reg
1397,25,0,0.88678247,0,0,reg
1398,57,1,-0.17162523,6,6,reg
1399,19,6,0.88678247,1,1,irreg
1400,NA,0,0.88678247,NA,NA,irreg
1401,NA,1,-0.55680001,0,1,reg
1402,37,2,0.31142372,0,0,reg
1403,NA,8,0.88678247,0,0,reg
1404,NA,0,-0.55288452,0,0,reg
1405,23,2,0.31142372,7,7,reg
1406,31,0,0.39288607,3,3,reg
1407,18,8,-2.8655179,0,0,reg
1408,26,0,0.25758731,0,0,reg
1409,23,3,0.88678247,0,0,reg
1410,38,0,-1.0612034,0,0,reg
1411,27,0,0.38179988,0,0,reg
1412,29,0,0.88678247,0,0,reg
1413,44,0,0.13725428,6,7,reg
1414,38,4,0.30522463,0,0,reg
1415,36,3,0.25758731,NA,NA,reg
1416,22,0,0.30522463,0,0,reg
1417,26,0,0.88678247,1,1,reg
1418,41,1,0.88678247,NA,NA,reg
1419,20,0,0.39288607,NA,NA,reg
1420,63,1,-0.072321698,2,2,reg
1421,NA,0,0.88678247,4,4,reg
1422,30,0,-0.79624808,2,3,reg
1423,32,0,-0.59028018,10,10,reg
1424,27,0,-0.06728372,0,1,reg
1425,22,1,-1.0099211,0,0,reg
1426,34,6,-0.46363157,1,1,reg
1427,37,1,0.88678247,0,0,reg
1428,24,0,0.30522463,0,0,reg
1429,28,0,-0.87048346,0,0,reg
1430,16,1,-1.3157533,3,4,reg
1431,NA,0,-0.54169744,NA,NA,reg
1432,39,1,0.38179988,3,4,reg
1433,32,0,-0.075920001,NA,NA,reg
1434,20,0,-1.0858641,0,0,reg
1435,20,0,0.88678247,12,0,irreg
1436,61,1,0.25758731,1,3,reg
1437,51,0,-1.9696244,3,3,reg
1438,40,0,-0.47993225,0,0,reg
1439,23,0,-1.888853,NA,NA,reg
1440,28,0,0.88678247,0,2,reg
1441,18,4,-0.1357865,0,0,reg
1442,24,0,0.88678247,NA,NA,reg
1443,38,8,-0.53651333,NA,NA,reg
1444,NA,0,0.39288607,1,1,reg
1445,33,0,-0.010241032,0,0,reg
1446,19,0,0.26567224,0,0,reg
1447,30,8,-0.080933593,0,0,reg
1448,24,1,0.88678247,0,0,reg
1449,NA,0,0.38179988,2,1,reg
1450,41,1,-0.47592384,1,4,reg
1451,36,0,0.88678247,0,0,reg
1452,20,0,0.28331673,0,0,reg
1453,25,0,0.25758731,0,0,reg
1454,NA,4,0.88678247,0,1,reg
1455,50,0,0.88678247,0,1,reg
1456,27,0,-0.16686191,0,0,reg
1457,27,2,-0.40720469,0,0,reg
1458,29,0,0.88678247,0,2,reg
1459,37,0,-0.55404812,0,0,reg
1460,15,4,0.30522463,0,0,reg
1461,40,0,0.38179988,0,0,reg
1462,25,0,-2.5534945,0,1,irreg
1463,NA,2,-2.8655179,NA,NA,irreg
1464,24,2,-0.10451905,1,2,reg
1465,19,7,0.88678247,0,0,reg
1466,19,0,-0.080933593,NA,NA,reg
1467,27,0,0.88678247,1,0,reg
1468,29,6,-0.50680459,0,0,irreg
1469,NA,1,0.88678247,NA,NA,reg
1470,16,1,0.30522463,0,0,reg
1471,29,0,-2.2991602,0,0,reg
1472,22,5,0.31142372,5,8,irreg
1473,34,1,-0.3077184,0,0,reg
1474,28,1,-0.080933593,1,4,reg
1475,41,1,-0.84713197,1,2,reg
1476,34,0,-0.080933593,0,0,reg
1477,25,1,0.39288607,0,0,reg
1478,26,2,-0.27303874,NA,NA,reg
1479,27,0,0.88678247,0,0,reg
1480,35,0,-1.2067657,1,2,reg
1481,27,0,-0.86280274,0,1,reg
1482,19,5,0.38179988,0,0,reg
1483,24,0,-0.3077184,0,0,reg
1484,29,0,-0.47993225,0,0,reg
1485,NA,6,-0.92967963,NA,NA,reg
1486,38,4,0.38179988,0,0,reg
1487,35,0,0.39288607,NA,NA,reg
1488,20,1,-0.010241032,3,4,reg
1489,26,0,-0.072321698,0,1,reg
1490,15,0,-0.080933593,0,1,reg
1491,31,8,0.88678247,3,5,reg
1492,31,8,0.88678247,0,0,reg
1493,22,6,-1.3738586,NA,NA,reg
1494,24,0,0.88678247,0,0,reg
1495,29,1,-1.3915789,0,0,reg
1496,35,0,0.25758731,1,2,reg
1497,45,0,-0.080933593,0,0,reg
1498,NA,2,0.38179988,0,0,reg
1499,18,0,-1.2151403,0,0,reg
1500,21,1,-0.32053608,0,0,reg
1501,49,0,-0.17797375,12,12,reg
1502,19,2,0.13725428,0,0,reg
1503,26,1,0.88678247,0,0,reg
1504,39,3,-1.0378895,NA,NA,reg
1505,56,0,-0.2671169,0,0,reg
1506,24,0,-0.38694817,0,2,reg
1507,20,0,-0.27303874,NA,NA,reg
1508,19,1,0.88678247,0,0,reg
1509,32,0,-0.55404812,0,0,irreg
1510,33,0,-1.2260792,0,0,reg
1511,21,1,0.30522463,0,0,reg
1512,31,0,-1.9012288,0,0,reg
1513,18,0,-0.50160456,0,0,reg
1514,41,4,0.88678247,0,0,reg
1515,NA,1,0.88678247,2,3,reg
1516,26,1,0.30522463,NA,NA,reg
1517,37,7,0.38179988,0,0,reg
1518,NA,1,0.88678247,10,12,reg
1519,19,1,0.30522463,0,0,reg
1520,25,2,-0.57423437,0,0,reg
1521,15,0,-0.21490689,4,6,reg
1522,26,0,-2.8655179,12,12,reg
1523,30,0,0.39288607,0,0,reg
1524,26,1,0.88678247,0,0,reg
1525,25,0,0.31142372,NA,NA,reg
1526,NA,7,0.38179988,NA,NA,reg
1527,54,5,-0.1357865,0,0,irreg
1528,45,0,-1.3968008,1,1,reg
1529,15,0,-0.21159379,0,0,reg
1530,18,2,-1.1168234,1,1,reg
1531,36,0,0.88678247,0,0,reg
1532,35,0,-0.30191109,12,12,reg
1533,21,0,0.31142372,0,0,reg
1534,25,1,-0.080933593,1,2,reg
1535,19,0,0.88678247,2,4,irreg
1536,59,3,-0.7454893,1,2,reg
1537,29,1,0.88678247,0,0,reg
1538,27,0,0.88678247,0,1,irreg
1539,18,0,-0.86521816,0,0,reg
1540,17,1,0.88678247,0,0,reg
1541,38,8,0.88678247,0,1,reg
1542,NA,0,-0.66169423,0,0,reg
1543,49,2,0.88678247,0,0,reg
1544,57,0,-1.1772599,1,2,reg
1545,32,0,-0.55558604,0,0,reg
1546,25,2,0.39288607,0,2,irreg
1547,25,6,0.13725428,0,1,reg
1548,32,1,0.38179988,0,0,reg
1549,33,0,-0.76717037,0,2,reg
1550,39,0,-0.47993225,12,12,reg
1551,21,0,0.25758731,5,5,reg
1552,31,2,0.88678247,0,1,reg
1553,19,0,-0.1357865,0,1,reg
1554,17,1,0.88678247,0,0,reg
1555,18,1,-0.93190694,0,3,reg
1556,29,2,0.39288607,0,0,reg
1557,16,0,0.25758731,0,0,reg
1558,NA,0,-2.2146485,0,2,reg
1559,27,1,0.31142372,0,6,reg
1560,30,0,-0.55404812,0,0,reg
1561,24,1,-1.0121213,NA,NA,reg
1562,36,1,0.88678247,0,0,reg
1563,42,0,-0.20973253,10,12,reg
1564,33,4,0.88678247,1,1,reg
1565,NA,0,-0.080933593,0,1,reg
1566,34,2,0.88678247,1,1,reg
1567,51,5,-0.11297655,1,1,reg
1568,19,0,0.25758731,0,0,reg
1569,26,7,0.14066601,NA,NA,reg
1570,26,0,0.31142372,0,2,reg
1571,32,3,-0.70207882,2,5,reg
1572,18,8,-0.45594811,0,1,reg
1573,28,0,0.88678247,4,4,reg
1574,37,2,0.38179988,0,3,reg
1575,52,1,0.30522463,0,0,irreg
1576,25,0,-0.15298566,0,0,reg
1577,29,5,0.30522463,0,3,reg
1578,24,1,-1.0837269,4,4,reg
1579,28,2,-0.072321698,0,2,reg
1580,18,1,0.30522463,NA,NA,reg
1581,18,0,-1.0757804,0,0,reg
1582,43,7,0.88678247,0,4,reg
1583,32,4,-0.06728372,0,4,reg
1584,36,5,-0.16686191,1,1,reg
1585,15,0,-1.2075897,0,1,reg
1586,NA,0,0.38179988,NA,NA,reg
1587,20,0,-0.56063688,0,0,reg
1588,31,1,0.26567224,0,2,reg
1589,28,1,0.88678247,0,0,reg
1590,43,2,0.88678247,0,0,reg
1591,14,0,-0.11297655,0,2,reg
1592,23,0,-0.88237911,1,1,reg
1593,16,0,-0.47993225,1,1,reg
1594,23,0,-0.17797375,NA,NA,reg
1595,23,2,-0.080933593,0,0,reg
1596,19,7,0.88678247,0,0,irreg
1597,46,0,-0.17162523,7,10,reg
1598,54,5,0.28331673,NA,NA,reg
1599,28,0,-0.1195383,2,2,reg
1600,27,1,-0.43735144,NA,NA,irreg
